[
    {
        "version": "0.12.0",
        "updateMessage": "New feature: Select any text to create annotations & sync them with Hypothes.is."
    },
    {
        "version": "0.13.0",
        "updateMessage": "New feature: Annotations work better and turn up on the page outline. Redesigned article UI."
    },
    {
        "version": "0.14.0",
        "updateMessage": "New feature: Showing social comments from Hacker News and Hypothes.is."
    },
    {
        "version": "0.15.0",
        "updateMessage": "New update: Improved article unclutter animation."
    },
    {
        "version": "0.16.0",
        "updateMessage": "New update: Reliability improvements, element blocker & report page button."
    }
]
